Zip Code ,Population,Case Count - Cumulative,Case Count - Last 30 Days ,Case Count - Last 14 Days ,Case Count Per 100K - Cumulative,Case Count Per 100K - Last 30 Days,Case Count Per 100K - Last 14 Days
43001,"2,810",187,20,N/A,"6,654.80",711.7,N/A
43002,"3,744",N/A,N/A,N/A,N/A,N/A,N/A
43003,"3,005",192,27,5,"6,389.40",898.5,166.4
43004,"26,139","2,873",321,113,"10,991.20","1,228.10",432.3
43005,201,15,N/A,N/A,"7,462.70",N/A,N/A
43006,655,22,N/A,N/A,"3,358.80",N/A,N/A
43008,"2,614",131,15,6,"5,011.50",573.8,229.5
43009,"2,453",123,23,N/A,"5,014.30",937.6,N/A
43010,260,32,5,N/A,"12,307.70","1,923.10",N/A
43011,"7,722",609,85,26,"7,886.60","1,100.80",336.7
43013,809,76,N/A,N/A,"9,394.30",N/A,N/A
43014,"3,507",174,20,N/A,"4,961.50",570.3,N/A
43015,"55,462","4,250",596,192,"7,662.90","1,074.60",346.2
43016,"36,260","3,242",400,115,"8,941.00","1,103.10",317.2
43017,"40,649","3,498",434,109,"8,605.40","1,067.70",268.1
43019,"9,295",562,77,22,"6,046.30",828.4,236.7
43021,"12,327","1,178",192,47,"9,556.30","1,557.60",381.3
43022,"4,500",115,21,11,"2,555.60",466.7,244.4
43023,"13,864",933,185,52,"6,729.70","1,334.40",375.1
43025,"5,100",472,94,25,"9,254.90","1,843.10",490.2
43026,"62,169","5,553",800,180,"8,932.10","1,286.80",289.5
43028,"8,335",516,79,29,"6,190.80",947.8,347.9
43029,563,73,14,N/A,"12,966.30","2,486.70",N/A
43030,113,13,N/A,N/A,"11,504.40",N/A,N/A
43031,"13,408","1,032",180,58,"7,696.90","1,342.50",432.6
43032,19,N/A,N/A,N/A,N/A,N/A,N/A
43033,298,25,N/A,N/A,"8,389.30",N/A,N/A
43035,"27,011","2,333",277,86,"8,637.20","1,025.50",318.4
43036,270,17,N/A,N/A,"6,296.30",N/A,N/A
43037,301,19,N/A,N/A,"6,312.30",N/A,N/A
43040,"34,169","3,101",375,82,"9,075.50","1,097.50",240
43044,"4,866",342,37,16,"7,028.40",760.4,328.8
43045,"1,982",147,22,13,"7,416.80","1,110.00",655.9
43046,"3,812",255,36,13,"6,689.40",944.4,341
43050,"28,508","1,920",260,70,"6,735.00",912,245.5
43054,"26,953","2,035",308,103,"7,550.20","1,142.70",382.1
43055,"61,904","4,601",648,194,"7,432.50","1,046.80",313.4
43056,"19,039","1,549",192,47,"8,135.90","1,008.50",246.9
43060,"2,809",140,21,6,"4,984.00",747.6,213.6
43061,"4,278",316,49,16,"7,386.60","1,145.40",374
43062,"29,460","2,861",397,121,"9,711.50","1,347.60",410.7
43064,"14,243","1,335",175,42,"9,373.00","1,228.70",294.9
43065,"42,782","3,260",470,146,"7,620.00","1,098.60",341.3
43066,"1,239",82,15,N/A,"6,618.20","1,210.70",N/A
43067,"1,458",112,13,N/A,"7,681.80",891.6,N/A
43068,"55,225","5,557",634,184,"10,062.50","1,148.00",333.2
43070,159,11,N/A,N/A,"6,918.20",N/A,N/A
43071,"1,986",171,28,10,"8,610.30","1,409.90",503.5
43072,"5,701",359,37,N/A,"6,297.10",649,N/A
43074,"13,229","1,060",185,60,"8,012.70","1,398.40",453.5
43076,"8,421",744,88,21,"8,835.10","1,045.00",249.4
43077,369,21,N/A,N/A,"5,691.10",N/A,N/A
43078,"20,446","1,511",198,44,"7,390.20",968.4,215.2
43080,"5,254",345,52,20,"6,566.40",989.7,380.7
43081,"61,572","4,764",619,157,"7,737.30","1,005.30",255
43082,"33,636","2,394",353,104,"7,117.40","1,049.50",309.2
43084,766,72,8,N/A,"9,399.50","1,044.40",N/A
43085,"26,216","1,825",235,59,"6,961.40",896.4,225.1
43101,285,28,N/A,N/A,"9,824.60",N/A,N/A
43102,"4,500",378,72,19,"8,400.00","1,600.00",422.2
43103,"11,006","1,037",177,57,"9,422.10","1,608.20",517.9
43105,"7,626",598,103,28,"7,841.60","1,350.60",367.2
43106,"1,589",135,16,N/A,"8,495.90","1,006.90",N/A
43107,"3,399",217,32,13,"6,384.20",941.5,382.5
43109,82,N/A,N/A,N/A,N/A,N/A,N/A
43110,"38,817","3,584",483,172,"9,233.10","1,244.30",443.1
43111,289,12,N/A,N/A,"4,152.20",N/A,N/A
43112,"4,945",468,83,25,"9,464.10","1,678.50",505.6
43113,"24,341","1,943",374,91,"7,982.40","1,536.50",373.9
43115,"1,493",110,24,9,"7,367.70","1,607.50",602.8
43116,"1,563",282,41,15,"18,042.20","2,623.20",959.7
43117,212,N/A,N/A,N/A,N/A,N/A,N/A
43119,"28,551","2,614",334,101,"9,155.50","1,169.80",353.8
43123,"65,442","5,818",755,222,"8,890.30","1,153.70",339.2
43125,"13,551","1,212",160,43,"8,944.00","1,180.70",317.3
43126,498,25,N/A,N/A,"5,020.10",N/A,N/A
43127,240,N/A,N/A,N/A,N/A,N/A,N/A
43128,"2,558",141,21,9,"5,512.10",821,351.8
43130,"61,259","5,551",790,187,"9,061.50","1,289.60",305.3
43135,"3,914",263,56,15,"6,719.50","1,430.80",383.2
43136,690,202,29,N/A,"29,275.40","4,202.90",N/A
43137,"2,276",208,27,10,"9,138.80","1,186.30",439.4
43138,"18,107","1,287",182,49,"7,107.70","1,005.10",270.6
43140,"24,514","2,147",235,58,"8,758.30",958.6,236.6
43142,102,5,N/A,N/A,"4,902.00",N/A,N/A
43143,"5,762",498,93,27,"8,642.80","1,614.00",468.6
43144,401,29,N/A,N/A,"7,231.90",N/A,N/A
43145,"2,189",129,17,8,"5,893.10",776.6,365.5
43146,"12,275","3,960",294,104,"32,260.70","2,395.10",847.3
43147,"41,000","4,048",522,151,"9,873.20","1,273.20",368.3
43148,"2,350",164,38,9,"6,978.70","1,617.00",383
43149,"2,414",159,26,10,"6,586.60","1,077.10",414.3
43150,"2,158",192,23,6,"8,897.10","1,065.80",278
43151,316,29,N/A,N/A,"9,177.20",N/A,N/A
43152,787,54,11,7,"6,861.50","1,397.70",889.5
43153,742,57,5,N/A,"7,681.90",673.9,N/A
43154,"3,770",253,44,5,"6,710.90","1,167.10",132.6
43155,"2,669",185,20,N/A,"6,931.40",749.3,N/A
43156,201,17,N/A,N/A,"8,457.70",N/A,N/A
43157,648,44,11,N/A,"6,790.10","1,697.50",N/A
43158,345,8,N/A,N/A,"2,318.80",N/A,N/A
43160,"21,854","2,059",287,76,"9,421.60","1,313.30",347.8
43162,"7,189",559,74,21,"7,775.80","1,029.40",292.1
43164,"2,233",156,37,7,"6,986.10","1,657.00",313.5
43201,"33,455","4,485",362,90,"13,406.10","1,082.10",269
43202,"21,141","1,388",180,68,"6,565.40",851.4,321.6
43203,"8,368",638,56,14,"7,624.30",669.2,167.3
43204,"42,463","3,111",367,112,"7,326.40",864.3,263.8
43205,"12,725",935,132,37,"7,347.70","1,037.30",290.8
43206,"22,677","1,581",180,60,"6,971.80",793.8,264.6
43207,"47,265","3,540",426,145,"7,489.70",901.3,306.8
43209,"28,516","1,825",240,68,"6,399.90",841.6,238.5
43210,"12,530","1,448",83,20,"11,556.30",662.4,159.6
43211,"23,453","1,346",149,54,"5,739.10",635.3,230.2
43212,"21,350","1,936",241,69,"9,067.90","1,128.80",323.2
43213,"33,551","2,739",320,90,"8,163.70",953.8,268.2
43214,"26,229","1,770",198,61,"6,748.30",754.9,232.6
43215,"14,440","2,058",218,74,"14,252.10","1,509.70",512.5
43217,"2,440",164,20,12,"6,721.30",819.7,491.8
43219,"30,526","2,736",239,69,"8,962.90",782.9,226
43220,"26,549","1,994",250,61,"7,510.60",941.7,229.8
43221,"32,913","2,278",335,90,"6,921.30","1,017.80",273.4
43222,"4,529",331,23,N/A,"7,308.50",507.8,N/A
43223,"25,963","2,363",243,80,"9,101.40",935.9,308.1
43224,"44,678","3,376",335,99,"7,556.30",749.8,221.6
43227,"24,296","1,901",191,73,"7,824.30",786.1,300.5
43228,"54,362","5,002",519,138,"9,201.30",954.7,253.9
43229,"53,693","5,114",492,133,"9,524.50",916.3,247.7
43230,"58,167","4,603",636,173,"7,913.40","1,093.40",297.4
43231,"21,828","2,192",221,55,"10,042.10","1,012.50",252
43232,"45,352","3,577",442,117,"7,887.20",974.6,258
43235,"42,673","3,262",342,97,"7,644.20",801.4,227.3
43240,"4,295",451,33,11,"10,500.60",768.3,256.1
43302,"54,023","6,710",456,159,"12,420.60",844.1,294.3
43310,"2,841",201,18,9,"7,075.00",633.6,316.8
43311,"18,946","1,563",224,60,"8,249.80","1,182.30",316.7
43314,"3,033",230,33,12,"7,583.30","1,088.00",395.6
43315,"7,272",399,58,13,"5,486.80",797.6,178.8
43316,"5,869",536,37,11,"9,132.70",630.4,187.4
43317,153,43,12,N/A,"28,104.60","7,843.10",N/A
43318,"4,537",233,26,7,"5,135.60",573.1,154.3
43319,926,64,11,N/A,"6,911.40","1,187.90",N/A
43320,"1,524",116,8,N/A,"7,611.50",524.9,N/A
43321,256,12,N/A,N/A,"4,687.50",N/A,N/A
43322,355,24,N/A,N/A,"6,760.60",N/A,N/A
43323,699,61,5,N/A,"8,726.80",715.3,N/A
43324,"2,963",190,21,7,"6,412.40",708.7,236.2
43326,"13,745","1,032",178,53,"7,508.20","1,295.00",385.6
43330,119,13,N/A,N/A,"10,924.40",N/A,N/A
43331,"4,507",292,29,10,"6,478.80",643.4,221.9
43332,"1,734",144,28,N/A,"8,304.50","1,614.80",N/A
43333,509,53,5,N/A,"10,412.60",982.3,N/A
43334,"6,317",521,80,23,"8,247.60","1,266.40",364.1
43337,"1,149",81,8,5,"7,049.60",696.3,435.2
43338,"10,164",816,93,30,"8,028.30",915,295.2
43340,"1,845",95,16,5,"5,149.10",867.2,271
43341,948,70,N/A,N/A,"7,384.00",N/A,N/A
43342,"2,861",264,34,7,"9,227.50","1,188.40",244.7
43343,"1,012",82,13,N/A,"8,102.80","1,284.60",N/A
43344,"5,996",334,48,10,"5,570.40",800.5,166.8
43345,742,70,23,5,"9,434.00","3,099.70",673.9
43347,"1,501",106,27,N/A,"7,062.00","1,798.80",N/A
43348,"1,736",125,12,N/A,"7,200.50",691.2,N/A
43351,"10,013","1,027",66,13,"10,256.70",659.1,129.8
43356,"1,388",69,5,N/A,"4,971.20",360.2,N/A
43357,"3,921",382,82,22,"9,742.40","2,091.30",561.1
43358,"2,588",183,27,7,"7,071.10","1,043.30",270.5
43359,818,55,N/A,N/A,"6,723.70",N/A,N/A
43360,"1,600",95,12,6,"5,937.50",750,375
43402,"32,259","2,909",327,80,"9,017.60","1,013.70",248
43403,"5,501",247,33,9,"4,490.10",599.9,163.6
43406,"1,920",104,10,N/A,"5,416.70",520.8,N/A
43407,729,43,5,N/A,"5,898.50",685.9,N/A
43408,270,28,N/A,N/A,"10,370.40",N/A,N/A
43410,"10,030",860,74,14,"8,574.30",737.8,139.6
43412,"4,373",341,43,19,"7,797.90",983.3,434.5
43413,"1,522",127,15,N/A,"8,344.30",985.5,N/A
43416,"2,989",226,20,N/A,"7,561.10",669.1,N/A
43420,"30,133","2,518",270,72,"8,356.30",896,238.9
43430,"4,504",360,39,11,"7,992.90",865.9,244.2
43431,"4,868",437,30,5,"8,977.00",616.3,102.7
43432,"1,278",97,7,N/A,"7,590.00",547.7,N/A
43433,85,N/A,N/A,N/A,N/A,N/A,N/A
43434,61,N/A,N/A,N/A,N/A,N/A,N/A
43435,"1,345",85,8,N/A,"6,319.70",594.8,N/A
43437,578,26,N/A,N/A,"4,498.30",N/A,N/A
43438,202,14,N/A,N/A,"6,930.70",N/A,N/A
43439,53,N/A,N/A,N/A,N/A,N/A,N/A
43440,"4,738",331,26,6,"6,986.10",548.8,126.6
43442,"1,170",63,8,N/A,"5,384.60",683.8,N/A
43443,"1,920",168,22,N/A,"8,750.00","1,145.80",N/A
43445,"1,239",93,9,N/A,"7,506.10",726.4,N/A
43446,88,N/A,N/A,N/A,N/A,N/A,N/A
43447,"3,645",285,37,8,"7,818.90","1,015.10",219.5
43449,"8,219",542,50,13,"6,594.50",608.3,158.2
43450,"3,636",263,28,6,"7,233.20",770.1,165
43451,"1,251",98,5,N/A,"7,833.70",399.7,N/A
43452,"13,674","1,008",121,21,"7,371.70",884.9,153.6
43456,291,61,N/A,N/A,"20,962.20",N/A,N/A
43457,"1,536",119,16,7,"7,747.40","1,041.70",455.7
43458,521,10,N/A,N/A,"1,919.40",N/A,N/A
43460,"6,498",606,62,10,"9,325.90",954.1,153.9
43462,"1,191",71,13,6,"5,961.40","1,091.50",503.8
43463,39,N/A,N/A,N/A,N/A,N/A,N/A
43464,"1,377",106,14,N/A,"7,697.90","1,016.70",N/A
43465,"5,273",428,37,15,"8,116.80",701.7,284.5
43466,"2,059",128,7,N/A,"6,216.60",340,N/A
43467,85,N/A,N/A,N/A,N/A,N/A,N/A
43468,401,121,5,N/A,"30,174.60","1,246.90",N/A
43469,"2,948",241,27,8,"8,175.00",915.9,271.4
43501,870,42,N/A,N/A,"4,827.60",N/A,N/A
43502,"6,609",643,69,31,"9,729.20","1,044.00",469.1
43504,"1,261",99,8,N/A,"7,850.90",634.4,N/A
43505,52,N/A,N/A,N/A,N/A,N/A,N/A
43506,"14,192","1,218",92,20,"8,582.30",648.3,140.9
43511,"1,075",49,6,N/A,"4,558.10",558.1,N/A
43512,"27,951","2,715",313,76,"9,713.40","1,119.80",271.9
43515,"8,582",604,88,25,"7,038.00","1,025.40",291.3
43516,"2,742",221,17,N/A,"8,059.80",620,N/A
43517,"4,134",341,31,12,"8,248.70",749.9,290.3
43518,"2,524",171,21,5,"6,775.00",832,198.1
43519,333,21,N/A,N/A,"6,306.30",N/A,N/A
43521,"2,742",191,22,9,"6,965.70",802.3,328.2
43522,"3,291",198,22,5,"6,016.40",668.5,151.9
43523,20,N/A,N/A,N/A,N/A,N/A,N/A
43524,"1,302",102,8,N/A,"7,834.10",614.4,N/A
43525,"1,096",116,10,5,"10,583.90",912.4,456.2
43526,"5,890",507,50,14,"8,607.80",848.9,237.7
43527,"1,986",255,24,8,"12,839.90","1,208.50",402.8
43528,"15,919","1,461",180,60,"9,177.70","1,130.70",376.9
43529,328,14,N/A,N/A,"4,268.30",N/A,N/A
43531,308,7,N/A,N/A,"2,272.70",N/A,N/A
43532,"3,972",280,43,19,"7,049.30","1,082.60",478.3
43533,"1,702",109,6,N/A,"6,404.20",352.5,N/A
43534,"1,739",102,8,N/A,"5,865.40",460,N/A
43535,719,66,N/A,N/A,"9,179.40",N/A,N/A
43536,161,18,N/A,N/A,"11,180.10",N/A,N/A
43537,"27,097","2,618",334,91,"9,661.60","1,232.60",335.8
43540,"1,358",125,14,N/A,"9,204.70","1,030.90",N/A
43541,140,17,N/A,N/A,"12,142.90",N/A,N/A
43542,"3,687",390,49,12,"10,577.70","1,329.00",325.5
43543,"7,785",547,51,14,"7,026.30",655.1,179.8
43545,"14,182","1,230",153,44,"8,673.00","1,078.80",310.3
43547,179,27,N/A,N/A,"15,083.80",N/A,N/A
43548,587,68,12,N/A,"11,584.30","2,044.30",N/A
43549,"1,310",101,11,N/A,"7,709.90",839.7,N/A
43551,"38,839","3,785",386,105,"9,745.40",993.8,270.3
43553,139,21,N/A,N/A,"15,107.90",N/A,N/A
43554,"2,371",181,15,N/A,"7,633.90",632.6,N/A
43555,313,24,N/A,N/A,"7,667.70",N/A,N/A
43556,"1,765",144,9,N/A,"8,158.60",509.9,N/A
43557,"3,324",285,31,5,"8,574.00",932.6,150.4
43558,"12,662","1,079",168,39,"8,521.60","1,326.80",308
43560,"32,275","2,936",380,91,"9,096.80","1,177.40",282
43565,502,33,6,N/A,"6,573.70","1,195.20",N/A
43566,"7,926",822,88,26,"10,370.90","1,110.30",328
43567,"13,247","1,241",100,38,"9,368.20",754.9,286.9
43569,"2,896",160,23,N/A,"5,524.90",794.2,N/A
43570,"3,195",228,20,9,"7,136.20",626,281.7
43571,"7,526",646,86,20,"8,583.60","1,142.70",265.7
43604,"8,920",581,56,14,"6,513.50",627.8,157
43605,"26,096","1,375",166,52,"5,269.00",636.1,199.3
43606,"25,219","1,721",209,59,"6,824.20",828.7,234
43607,"21,117","1,460",180,49,"6,913.90",852.4,232
43608,"14,570",943,109,37,"6,472.20",748.1,253.9
43609,"21,936","1,239",144,55,"5,648.20",656.5,250.7
43610,"4,343",250,27,5,"5,756.40",621.7,115.1
43611,"18,579","1,427",183,47,"7,680.70",985,253
43612,"29,686","2,029",275,77,"6,834.90",926.4,259.4
43613,"32,653","2,627",333,100,"8,045.20","1,019.80",306.3
43614,"31,607","2,542",262,67,"8,042.50",828.9,212
43615,"39,786","2,971",334,101,"7,467.50",839.5,253.9
43616,"20,380","2,105",261,75,"10,328.80","1,280.70",368
43617,"7,268",645,83,28,"8,874.50","1,142.00",385.3
43619,"7,296",691,108,22,"9,470.90","1,480.30",301.5
43620,"5,863",311,31,5,"5,304.50",528.7,85.3
43623,"19,936","1,606",226,60,"8,055.80","1,133.60",301
43701,"55,595","5,110",845,275,"9,191.50","1,519.90",494.6
43711,116,8,N/A,N/A,"6,896.60",N/A,N/A
43713,"7,066",564,80,17,"7,981.90","1,132.20",240.6
43716,"1,874",139,19,6,"7,417.30","1,013.90",320.2
43717,143,14,N/A,N/A,"9,790.20",N/A,N/A
43718,"2,926",202,32,11,"6,903.60","1,093.60",375.9
43719,"2,689",164,40,13,"6,098.90","1,487.50",483.5
43720,"1,331",98,21,N/A,"7,362.90","1,577.80",N/A
43721,81,N/A,N/A,N/A,N/A,N/A,N/A
43722,306,27,N/A,N/A,"8,823.50",N/A,N/A
43723,"5,185",340,39,7,"6,557.40",752.2,135
43724,"9,319",861,58,17,"9,239.20",622.4,182.4
43725,"19,592","1,498",217,38,"7,646.00","1,107.60",194
43727,"1,163",117,8,N/A,"10,060.20",687.9,N/A
43728,"1,602",69,16,N/A,"4,307.10",998.8,N/A
43730,"2,287",144,22,9,"6,296.50",962,393.5
43731,"5,379",424,63,32,"7,882.50","1,171.20",594.9
43732,"1,448",110,17,N/A,"7,596.70","1,174.00",N/A
43734,"1,738",113,18,N/A,"6,501.70","1,035.70",N/A
43735,438,33,7,N/A,"7,534.20","1,598.20",N/A
43736,35,N/A,N/A,N/A,N/A,N/A,N/A
43738,103,N/A,N/A,N/A,N/A,N/A,N/A
43739,"2,179",153,28,11,"7,021.60","1,285.00",504.8
43740,277,16,N/A,N/A,"5,776.20",N/A,N/A
43746,"1,215",95,19,6,"7,818.90","1,563.80",493.8
43747,879,72,17,N/A,"8,191.10","1,934.00",N/A
43748,"2,752",192,46,12,"6,976.70","1,671.50",436
43749,"2,376",142,29,7,"5,976.40","1,220.50",294.6
43750,115,9,N/A,N/A,"7,826.10",N/A,N/A
43754,"1,618",89,7,N/A,"5,500.60",432.6,N/A
43755,"1,983",103,18,6,"5,194.20",907.7,302.6
43756,"4,834",383,61,18,"7,923.00","1,261.90",372.4
43758,"3,060",218,38,7,"7,124.20","1,241.80",228.8
43759,57,N/A,N/A,N/A,N/A,N/A,N/A
43760,"2,138",124,27,7,"5,799.80","1,262.90",327.4
43761,49,N/A,N/A,N/A,N/A,N/A,N/A
43762,"5,997",429,41,14,"7,153.60",683.7,233.5
43764,"8,750",680,92,36,"7,771.40","1,051.40",411.4
43766,"1,543",79,7,N/A,"5,119.90",453.7,N/A
43767,986,123,15,6,"12,474.60","1,521.30",608.5
43768,497,19,N/A,N/A,"3,822.90",N/A,N/A
43771,"1,895",129,14,N/A,"6,807.40",738.8,N/A
43772,"1,880",138,13,N/A,"7,340.40",691.5,N/A
43773,"3,668",158,14,5,"4,307.50",381.7,136.3
43777,"4,823",327,66,18,"6,780.00","1,368.40",373.2
43778,"1,148",68,10,N/A,"5,923.30",871.1,N/A
43779,855,108,N/A,N/A,"12,631.60",N/A,N/A
43780,"1,697",167,12,N/A,"9,840.90",707.1,N/A
43782,673,54,13,6,"8,023.80","1,931.60",891.5
43783,"4,731",322,63,16,"6,806.20","1,331.60",338.2
43786,35,N/A,N/A,N/A,N/A,N/A,N/A
43787,"3,111",144,32,7,"4,628.70","1,028.60",225
43788,754,66,6,N/A,"8,753.30",795.8,N/A
43793,"4,901",456,77,12,"9,304.20","1,571.10",244.8
43802,"1,008",98,11,N/A,"9,722.20","1,091.30",N/A
43804,"3,786",195,6,N/A,"5,150.60",158.5,N/A
43805,81,N/A,N/A,N/A,N/A,N/A,N/A
43811,835,59,8,N/A,"7,065.90",958.1,N/A
43812,"18,640","1,168",128,35,"6,266.10",686.7,187.8
43821,"4,389",379,45,16,"8,635.20","1,025.30",364.5
43822,"5,115",338,44,11,"6,608.00",860.2,215.1
43824,"4,116",116,18,N/A,"2,818.30",437.3,N/A
43830,"5,775",592,96,22,"10,251.10","1,662.30",381
43832,"7,349",526,55,17,"7,157.40",748.4,231.3
43836,108,N/A,N/A,N/A,N/A,N/A,N/A
43837,"1,658",99,11,N/A,"5,971.00",663.4,N/A
43840,"1,253",73,6,N/A,"5,826.00",478.9,N/A
43842,330,37,7,N/A,"11,212.10","2,121.20",N/A
43843,"1,062",54,9,N/A,"5,084.70",847.5,N/A
43844,"3,519",253,21,6,"7,189.50",596.8,170.5
43845,"4,607",432,51,20,"9,377.00","1,107.00",434.1
43901,"1,984",146,22,9,"7,358.90","1,108.90",453.6
43902,116,11,N/A,N/A,"9,482.80",N/A,N/A
43903,"2,108",108,15,N/A,"5,123.30",711.6,N/A
43905,107,8,N/A,N/A,"7,476.60",N/A,N/A
43906,"8,643",530,134,29,"6,132.10","1,550.40",335.5
43907,"5,760",342,40,17,"5,937.50",694.4,295.1
43908,"1,599",65,11,N/A,"4,065.00",687.9,N/A
43910,"3,208",227,37,12,"7,076.10","1,153.40",374.1
43912,"6,317",390,56,11,"6,173.80",886.5,174.1
43913,"1,596",80,11,N/A,"5,012.50",689.2,N/A
43914,194,12,N/A,N/A,"6,185.60",N/A,N/A
43915,"1,172",99,12,5,"8,447.10","1,023.90",426.6
43917,"3,380",147,34,7,"4,349.10","1,005.90",207.1
43920,"22,290","1,556",251,58,"6,980.70","1,126.10",260.2
43925,425,7,N/A,N/A,"1,647.10",N/A,N/A
43926,236,16,N/A,N/A,"6,779.70",N/A,N/A
43927,124,N/A,N/A,N/A,N/A,N/A,N/A
43928,21,N/A,N/A,N/A,N/A,N/A,N/A
43930,795,44,8,N/A,"5,534.60","1,006.30",N/A
43931,375,27,N/A,N/A,"7,200.00",N/A,N/A
43932,836,64,14,N/A,"7,655.50","1,674.60",N/A
43933,"1,875",109,26,7,"5,813.30","1,386.70",373.3
43934,466,21,9,N/A,"4,506.40","1,931.30",N/A
43935,"8,870",478,76,23,"5,389.00",856.8,259.3
43938,"5,320",325,56,17,"6,109.00","1,052.60",319.5
43939,439,24,6,N/A,"5,467.00","1,366.70",N/A
43940,102,23,8,N/A,"22,549.00","7,843.10",N/A
43942,"2,767",165,31,5,"5,963.10","1,120.30",180.7
43943,"3,029",230,45,8,"7,593.30","1,485.60",264.1
43944,"2,221",145,15,6,"6,528.60",675.4,270.1
43945,"3,189",111,17,N/A,"3,480.70",533.1,N/A
43946,"2,136",157,11,N/A,"7,350.20",515,N/A
43947,"5,297",455,54,10,"8,589.80","1,019.40",188.8
43948,586,22,N/A,N/A,"3,754.30",N/A,N/A
43950,"16,446","1,258",182,42,"7,649.30","1,106.70",255.4
43951,64,N/A,N/A,N/A,N/A,N/A,N/A
43952,"18,498","1,320",153,42,"7,135.90",827.1,227.1
43953,"11,656",892,102,31,"7,652.70",875.1,266
43961,363,22,N/A,N/A,"6,060.60",N/A,N/A
43962,92,N/A,N/A,N/A,N/A,N/A,N/A
43963,"1,385",89,18,7,"6,426.00","1,299.60",505.4
43964,"8,642",602,84,16,"6,966.00",972,185.1
43968,"6,212",482,67,19,"7,759.20","1,078.60",305.9
43970,80,N/A,N/A,N/A,N/A,N/A,N/A
43971,"1,100",62,14,6,"5,636.40","1,272.70",545.5
43972,121,N/A,N/A,N/A,N/A,N/A,N/A
43973,"2,281",85,14,6,"3,726.40",613.8,263
43974,75,N/A,N/A,N/A,N/A,N/A,N/A
43976,"1,661",182,14,7,"10,957.30",842.9,421.4
43977,"2,289",116,24,6,"5,067.70","1,048.50",262.1
43983,454,20,N/A,N/A,"4,405.30",N/A,N/A
43985,93,N/A,N/A,N/A,N/A,N/A,N/A
43986,"2,332",94,11,8,"4,030.90",471.7,343.1
43988,"2,263",99,13,9,"4,374.70",574.5,397.7
44001,"21,130","1,488",273,76,"7,042.10","1,292.00",359.7
44003,"4,228",188,18,N/A,"4,446.50",425.7,N/A
44004,"31,474","1,489",184,81,"4,730.90",584.6,257.4
44010,"1,555",80,10,7,"5,144.70",643.1,450.2
44011,"22,786","1,766",338,86,"7,750.40","1,483.40",377.4
44012,"23,777","1,476",202,71,"6,207.70",849.6,298.6
44017,"18,903","1,356",183,48,"7,173.50",968.1,253.9
44021,"6,244",327,94,31,"5,237.00","1,505.40",496.5
44022,"16,604","1,029",166,61,"6,197.30",999.8,367.4
44023,"17,473","1,164",249,70,"6,661.70","1,425.10",400.6
44024,"23,834","1,637",252,72,"6,868.30","1,057.30",302.1
44026,"10,989",704,127,46,"6,406.40","1,155.70",418.6
44028,"9,000",637,117,43,"7,077.80","1,300.00",477.8
44030,"15,949",690,78,19,"4,326.30",489.1,119.1
44032,"1,516",41,10,5,"2,704.50",659.6,329.8
44035,"63,318","4,034",632,205,"6,371.00",998.1,323.8
44039,"33,018","2,351",350,101,"7,120.40","1,060.00",305.9
44040,"2,903",223,24,9,"7,681.70",826.7,310
44041,"14,321",826,100,29,"5,767.80",698.3,202.5
44044,"15,400","1,031",179,51,"6,694.80","1,162.30",331.2
44045,477,26,N/A,N/A,"5,450.70",N/A,N/A
44046,"2,473",134,16,6,"5,418.50",647,242.6
44047,"9,122",510,49,18,"5,590.90",537.2,197.3
44048,"2,529",102,13,N/A,"4,033.20",514,N/A
44049,224,8,N/A,N/A,"3,571.40",N/A,N/A
44050,"6,384",488,66,17,"7,644.10","1,033.80",266.3
44052,"28,576","1,871",351,101,"6,547.50","1,228.30",353.4
44053,"18,895","1,784",324,93,"9,441.70","1,714.70",492.2
44054,"12,613",817,141,46,"6,477.40","1,117.90",364.7
44055,"19,943","1,376",239,69,"6,899.70","1,198.40",346
44056,"11,808",939,116,31,"7,952.20",982.4,262.5
44057,"19,482","1,410",225,59,"7,237.40","1,154.90",302.8
44060,"60,476","4,355",586,178,"7,201.20",969,294.3
44062,"14,523",586,99,35,"4,035.00",681.7,241
44064,"1,724",100,12,N/A,"5,800.50",696.1,N/A
44065,"4,522",228,37,16,"5,042.00",818.2,353.8
44067,"20,470","1,486",205,63,"7,259.40","1,001.50",307.8
44070,"31,847","2,266",321,92,"7,115.30","1,007.90",288.9
44072,"4,420",266,50,11,"6,018.10","1,131.20",248.9
44074,"11,376",471,61,18,"4,140.30",536.2,158.2
44076,"5,022",181,45,18,"3,604.10",896.1,358.4
44077,"56,353","4,195",649,181,"7,444.10","1,151.70",321.2
44080,92,N/A,N/A,N/A,N/A,N/A,N/A
44081,"7,104",469,57,9,"6,601.90",802.4,126.7
44082,"2,464",46,6,N/A,"1,866.90",243.5,N/A
44084,"3,749",196,28,10,"5,228.10",746.9,266.7
44085,"3,448",121,18,6,"3,509.30",522,174
44086,"2,558",108,24,N/A,"4,222.00",938.2,N/A
44087,"20,595","1,580",208,64,"7,671.80","1,010.00",310.8
44089,"15,527","1,124",155,32,"7,239.00",998.3,206.1
44090,"11,996",671,151,49,"5,593.50","1,258.80",408.5
44092,"16,677","1,488",191,50,"8,922.50","1,145.30",299.8
44093,"1,210",52,N/A,N/A,"4,297.50",N/A,N/A
44094,"35,755","3,064",459,138,"8,569.40","1,283.70",386
44095,"33,340","2,265",332,82,"6,793.60",995.8,246
44099,"2,334",84,16,6,"3,599.00",685.5,257.1
44101,610,17,N/A,N/A,"2,786.90",N/A,N/A
44102,"45,514","3,145",486,153,"6,910.00","1,067.80",336.2
44103,"16,519","1,115",123,47,"6,749.80",744.6,284.5
44104,"19,640","1,102",171,50,"5,611.00",870.7,254.6
44105,"37,211","2,141",290,78,"5,753.70",779.3,209.6
44106,"25,752","1,434",171,43,"5,568.50",664,167
44107,"50,666","3,783",455,123,"7,466.50",898,242.8
44108,"21,939","1,323",171,56,"6,030.40",779.4,255.3
44109,"40,246","2,879",457,138,"7,153.50","1,135.50",342.9
44110,"19,116","1,181",181,45,"6,178.10",946.9,235.4
44111,"42,821","3,084",457,113,"7,202.10","1,067.20",263.9
44112,"21,909","1,251",162,47,"5,710.00",739.4,214.5
44113,"20,358","1,718",223,77,"8,438.90","1,095.40",378.2
44114,"6,567",550,74,18,"8,375.20","1,126.80",274.1
44115,"8,284",713,83,28,"8,607.00","1,001.90",338
44116,"20,338","1,523",185,47,"7,488.40",909.6,231.1
44117,"9,611",802,130,33,"8,344.60","1,352.60",343.4
44118,"38,833","2,675",311,102,"6,888.50",800.9,262.7
44119,"13,108","1,021",107,29,"7,789.10",816.3,221.2
44120,"34,276","1,947",217,72,"5,680.40",633.1,210.1
44121,"33,211","2,336",224,68,"7,033.80",674.5,204.8
44122,"33,342","2,401",296,90,"7,201.10",887.8,269.9
44123,"16,515","1,309",131,34,"7,926.10",793.2,205.9
44124,"37,737","2,895",337,107,"7,671.50",893,283.5
44125,"27,939","2,260",276,74,"8,089.10",987.9,264.9
44126,"16,372","1,242",144,45,"7,586.10",879.6,274.9
44127,"4,375",217,38,12,"4,960.00",868.6,274.3
44128,"28,790","2,135",265,83,"7,415.80",920.5,288.3
44129,"28,276","2,182",250,59,"7,716.80",884.1,208.7
44130,"49,787","3,692",459,97,"7,415.60",921.9,194.8
44131,"20,532","1,474",154,40,"7,179.00",750,194.8
44132,"14,805","1,109",140,33,"7,490.70",945.6,222.9
44133,"30,225","2,328",340,87,"7,702.20","1,124.90",287.8
44134,"37,533","2,961",371,89,"7,889.10",988.5,237.1
44135,"27,640","1,955",286,99,"7,073.10","1,034.70",358.2
44136,"25,776","1,998",302,94,"7,751.40","1,171.60",364.7
44137,"22,657","1,836",167,35,"8,103.50",737.1,154.5
44138,"22,378","1,478",233,62,"6,604.70","1,041.20",277.1
44139,"24,212","1,418",153,48,"5,856.60",631.9,198.2
44140,"15,391","1,121",172,61,"7,283.50","1,117.50",396.3
44141,"13,830","1,052",176,71,"7,606.70","1,272.60",513.4
44142,"18,674","1,494",188,58,"8,000.40","1,006.70",310.6
44143,"24,241","2,057",228,71,"8,485.60",940.6,292.9
44144,"21,697","1,725",256,70,"7,950.40","1,179.90",322.6
44145,"32,378","2,608",271,64,"8,054.90",837,197.7
44146,"29,223","2,182",255,78,"7,466.70",872.6,266.9
44147,"19,361","1,443",193,50,"7,453.10",996.8,258.3
44149,"18,976","1,547",217,68,"8,152.40","1,143.50",358.3
44201,"6,944",391,75,20,"5,630.80","1,080.10",288
44202,"20,408","1,576",236,80,"7,722.50","1,156.40",392
44203,"40,442","2,692",428,118,"6,656.40","1,058.30",291.8
44212,"44,380","3,473",442,123,"7,825.60",995.9,277.2
44214,"2,267",125,20,8,"5,513.90",882.2,352.9
44215,"2,323",146,24,N/A,"6,285.00","1,033.10",N/A
44216,"9,540",666,89,27,"6,981.10",932.9,283
44217,"3,997",246,39,11,"6,154.60",975.7,275.2
44221,"29,154","2,084",320,97,"7,148.20","1,097.60",332.7
44223,"17,722","1,443",211,80,"8,142.40","1,190.60",451.4
44224,"39,564","2,659",411,130,"6,720.80","1,038.80",328.6
44230,"8,549",593,77,20,"6,936.50",900.7,233.9
44231,"8,777",431,64,16,"4,910.60",729.2,182.3
44233,"7,927",509,78,25,"6,421.10",984,315.4
44234,"4,177",211,29,10,"5,051.50",694.3,239.4
44235,"1,916",59,5,N/A,"3,079.30",261,N/A
44236,"25,518","1,761",277,106,"6,901.00","1,085.50",415.4
44240,"39,536","2,658",438,119,"6,723.00","1,107.90",301
44241,"16,638","1,174",195,58,"7,056.10","1,172.00",348.6
44243,"4,721",178,54,7,"3,770.40","1,143.80",148.3
44250,"1,110",82,11,N/A,"7,387.40",991,N/A
44251,922,59,8,N/A,"6,399.10",867.7,N/A
44253,"3,212",180,22,6,"5,604.00",684.9,186.8
44254,"4,960",266,46,11,"5,362.90",927.4,221.8
44255,"8,223",435,85,37,"5,290.00","1,033.70",450
44256,"62,916","4,506",565,172,"7,161.90",898,273.4
44260,"13,166",862,135,30,"6,547.20","1,025.40",227.9
44262,"5,049",315,47,22,"6,238.90",930.9,435.7
44264,"3,073",270,32,9,"8,786.20","1,041.30",292.9
44266,"33,894","1,975",325,99,"5,827.00",958.9,292.1
44270,"8,800",603,134,23,"6,852.30","1,522.70",261.4
44272,"5,176",404,64,10,"7,805.30","1,236.50",193.2
44273,"7,172",381,62,17,"5,312.30",864.5,237
44274,246,16,N/A,N/A,"6,504.10",N/A,N/A
44275,"3,280",194,30,7,"5,914.60",914.6,213.4
44276,"1,795",112,19,N/A,"6,239.60","1,058.50",N/A
44278,"17,951","1,318",183,65,"7,342.20","1,019.40",362.1
44280,"4,641",347,55,19,"7,476.80","1,185.10",409.4
44281,"32,161","2,398",421,105,"7,456.20","1,309.00",326.5
44285,25,N/A,N/A,N/A,N/A,N/A,N/A
44286,"6,193",473,58,15,"7,637.70",936.5,242.2
44287,"7,688",410,42,9,"5,333.00",546.3,117.1
44288,"3,521",202,45,20,"5,737.00","1,278.00",568
44301,"15,060",773,107,39,"5,132.80",710.5,259
44302,"5,127",254,29,8,"4,954.20",565.6,156
44303,"7,766",577,59,15,"7,429.80",759.7,193.1
44304,"5,028",300,45,13,"5,966.60",895,258.6
44305,"22,425","1,161",182,41,"5,177.30",811.6,182.8
44306,"21,165","1,106",147,36,"5,225.60",694.5,170.1
44307,"6,751",423,55,23,"6,265.70",814.7,340.7
44308,943,72,8,N/A,"7,635.20",848.4,N/A
44310,"26,659","2,124",199,54,"7,967.30",746.5,202.6
44311,"8,447",445,51,15,"5,268.10",603.8,177.6
44312,"31,064","2,151",323,88,"6,924.40","1,039.80",283.3
44313,"24,580","1,840",225,62,"7,485.80",915.4,252.2
44314,"19,113",938,153,40,"4,907.70",800.5,209.3
44319,"22,647","1,847",223,72,"8,155.60",984.7,317.9
44320,"19,419","1,232",162,37,"6,344.30",834.2,190.5
44321,"15,346","1,284",188,66,"8,367.00","1,225.10",430.1
44333,"18,778","1,570",171,49,"8,360.80",910.6,260.9
44401,"2,903",148,27,9,"5,098.20",930.1,310
44402,"3,228",172,19,N/A,"5,328.40",588.6,N/A
44403,"3,904",245,22,7,"6,275.60",563.5,179.3
44404,"1,446",72,8,N/A,"4,979.30",553.3,N/A
44405,"7,969",688,100,21,"8,633.50","1,254.90",263.5
44406,"21,749","1,968",235,68,"9,048.70","1,080.50",312.7
44408,"10,043",784,74,19,"7,806.40",736.8,189.2
44410,"16,702","1,314",104,31,"7,867.30",622.7,185.6
44411,"2,328",112,12,N/A,"4,811.00",515.5,N/A
44412,"2,630",148,23,5,"5,627.40",874.5,190.1
44413,"7,371",391,63,15,"5,304.60",854.7,203.5
44417,"1,736",92,9,5,"5,299.50",518.4,288
44418,"1,531",82,10,N/A,"5,356.00",653.2,N/A
44420,"14,796","1,002",115,35,"6,772.10",777.2,236.6
44423,"2,423",150,26,8,"6,190.70","1,073.00",330.2
44425,"14,354",927,99,26,"6,458.10",689.7,181.1
44427,"1,406",76,13,N/A,"5,405.40",924.6,N/A
44428,"3,045",184,16,5,"6,042.70",525.5,164.2
44429,"2,544",121,19,6,"4,756.30",746.9,235.8
44430,"4,777",317,22,8,"6,636.00",460.5,167.5
44431,"4,514",307,46,14,"6,801.10","1,019.10",310.1
44432,"13,279","1,565",85,31,"11,785.50",640.1,233.5
44436,"3,695",284,44,6,"7,686.10","1,190.80",162.4
44437,"4,406",295,41,16,"6,695.40",930.5,363.1
44438,"4,300",329,28,7,"7,651.20",651.2,162.8
44439,147,N/A,N/A,N/A,N/A,N/A,N/A
44440,"4,960",407,31,7,"8,205.60",625,141.1
44441,"1,757",106,19,N/A,"6,033.00","1,081.40",N/A
44442,"3,938",329,39,12,"8,354.50",990.4,304.7
44443,"1,672",105,8,N/A,"6,279.90",478.5,N/A
44444,"9,563",544,84,36,"5,688.60",878.4,376.5
44445,"3,604",205,18,9,"5,688.10",499.4,249.7
44446,"20,150","1,508",153,49,"7,483.90",759.3,243.2
44449,"1,264",79,15,5,"6,250.00","1,186.70",395.6
44450,"2,041",82,10,N/A,"4,017.60",490,N/A
44451,"2,817",246,34,11,"8,732.70","1,207.00",390.5
44452,"3,444",367,28,12,"10,656.20",813,348.4
44454,982,84,N/A,N/A,"8,554.00",N/A,N/A
44455,"1,665",89,19,8,"5,345.30","1,141.10",480.5
44460,"25,258","1,945",248,68,"7,700.50",981.9,269.2
44470,"3,953",201,35,N/A,"5,084.70",885.4,N/A
44471,"10,742",822,119,39,"7,652.20","1,107.80",363.1
44473,"3,609",233,24,13,"6,456.10",665,360.2
44481,"9,617",634,80,26,"6,592.50",831.9,270.4
44483,"24,836","1,851",148,41,"7,452.90",595.9,165.1
44484,"21,804","1,598",169,47,"7,328.90",775.1,215.6
44485,"16,101",841,96,26,"5,223.30",596.2,161.5
44490,970,48,6,N/A,"4,948.50",618.6,N/A
44491,"3,517",168,39,9,"4,776.80","1,108.90",255.9
44493,29,N/A,N/A,N/A,N/A,N/A,N/A
44502,"9,336",669,78,24,"7,165.80",835.5,257.1
44503,"1,130",77,6,N/A,"6,814.20",531,N/A
44504,"4,799",351,34,12,"7,314.00",708.5,250.1
44505,"17,985","1,454",131,39,"8,084.50",728.4,216.8
44506,"2,877",163,15,6,"5,665.60",521.4,208.6
44507,"5,409",269,31,7,"4,973.20",573.1,129.4
44509,"11,911",798,89,32,"6,699.70",747.2,268.7
44510,"2,601",142,8,N/A,"5,459.40",307.6,N/A
44511,"19,966","1,417",133,44,"7,097.10",666.1,220.4
44512,"32,763","2,865",372,131,"8,744.60","1,135.40",399.8
44514,"21,659","2,055",266,73,"9,488.00","1,228.10",337
44515,"26,662","2,331",254,67,"8,742.80",952.7,251.3
44601,"34,740","2,365",344,100,"6,807.70",990.2,287.9
44606,"8,718",335,26,13,"3,842.60",298.2,149.1
44607,178,N/A,N/A,N/A,N/A,N/A,N/A
44608,"2,439",153,29,5,"6,273.10","1,189.00",205
44609,"3,935",294,56,16,"7,471.40","1,423.10",406.6
44610,160,38,N/A,N/A,"23,750.00",N/A,N/A
44611,"2,121",112,10,N/A,"5,280.50",471.5,N/A
44612,"5,518",401,51,14,"7,267.10",924.2,253.7
44613,"2,012",156,19,6,"7,753.50",944.3,298.2
44614,"12,628","1,087",115,29,"8,607.90",910.7,229.6
44615,"10,312",695,76,24,"6,739.70",737,232.7
44618,"6,787",480,47,10,"7,072.30",692.5,147.3
44620,"2,057",94,28,6,"4,569.80","1,361.20",291.7
44621,"4,476",384,32,10,"8,579.10",714.9,223.4
44622,"17,895","1,970",202,44,"11,008.70","1,128.80",245.9
44624,"5,308",242,30,7,"4,559.20",565.2,131.9
44625,"1,918",83,7,N/A,"4,327.40",365,N/A
44626,"3,015",174,20,N/A,"5,771.10",663.3,N/A
44627,"6,829",196,9,5,"2,870.10",131.8,73.2
44628,932,60,N/A,N/A,"6,437.80",N/A,N/A
44629,"2,661",226,19,N/A,"8,493.00",714,N/A
44632,"9,831",812,123,26,"8,259.60","1,251.10",264.5
44633,"2,634",127,11,N/A,"4,821.60",417.6,N/A
44634,"2,246",136,34,7,"6,055.20","1,513.80",311.7
44637,"3,281",152,11,N/A,"4,632.70",335.3,N/A
44638,"1,453",80,11,N/A,"5,505.80",757.1,N/A
44640,235,7,N/A,N/A,"2,978.70",N/A,N/A
44641,"20,239","1,562",226,62,"7,717.80","1,116.70",306.3
44643,"3,585",229,31,8,"6,387.70",864.7,223.2
44644,"4,949",301,37,6,"6,082.00",747.6,121.2
44645,"2,299",162,24,9,"7,046.50","1,043.90",391.5
44646,"46,749","3,985",565,157,"8,524.20","1,208.60",335.8
44647,"19,172","1,284",185,50,"6,697.30",964.9,260.8
44651,656,39,9,N/A,"5,945.10","1,372.00",N/A
44652,32,N/A,N/A,N/A,N/A,N/A,N/A
44653,673,31,N/A,N/A,"4,606.20",N/A,N/A
44654,"21,043","1,174",125,32,"5,579.10",594,152.1
44656,"2,836",170,26,7,"5,994.40",916.8,246.8
44657,"9,583",601,115,26,"6,271.50","1,200.00",271.3
44659,136,18,N/A,N/A,"13,235.30",N/A,N/A
44661,153,19,N/A,N/A,"12,418.30",N/A,N/A
44662,"10,020",779,83,38,"7,774.50",828.3,379.2
44663,"24,914","2,131",219,41,"8,553.40",879,164.6
44666,"2,667",206,36,9,"7,724.00","1,349.80",337.5
44667,"13,410",975,115,51,"7,270.70",857.6,380.3
44669,"1,347",83,12,7,"6,161.80",890.9,519.7
44670,172,8,N/A,N/A,"4,651.20",N/A,N/A
44671,290,34,N/A,N/A,"11,724.10",N/A,N/A
44672,"4,748",409,34,11,"8,614.20",716.1,231.7
44675,"1,825",123,16,N/A,"6,739.70",876.7,N/A
44676,"4,402",234,31,12,"5,315.80",704.2,272.6
44677,"2,463",170,23,10,"6,902.20",933.8,406
44678,344,11,N/A,N/A,"3,197.70",N/A,N/A
44680,"4,455",337,35,8,"7,564.50",785.6,179.6
44681,"7,987",544,41,14,"6,811.10",513.3,175.3
44682,"1,030",90,5,N/A,"8,737.90",485.4,N/A
44683,"8,552",609,51,16,"7,121.10",596.4,187.1
44685,"27,842","2,268",344,120,"8,146.00","1,235.50",431
44687,275,109,N/A,N/A,"39,636.40",N/A,N/A
44688,"2,816",230,34,7,"8,167.60","1,207.40",248.6
44689,786,45,N/A,N/A,"5,725.20",N/A,N/A
44690,213,9,N/A,N/A,"4,225.40",N/A,N/A
44691,"45,048","3,212",388,108,"7,130.20",861.3,239.7
44693,41,N/A,N/A,N/A,N/A,N/A,N/A
44695,"1,578",122,11,N/A,"7,731.30",697.1,N/A
44697,204,10,N/A,N/A,"4,902.00",N/A,N/A
44699,811,63,9,N/A,"7,768.20","1,109.70",N/A
44702,948,191,9,N/A,"20,147.70",949.4,N/A
44703,"8,081",395,62,19,"4,888.00",767.2,235.1
44704,"3,490",185,30,6,"5,300.90",859.6,171.9
44705,"19,451","1,040",165,49,"5,346.80",848.3,251.9
44706,"17,413","1,205",193,55,"6,920.10","1,108.40",315.9
44707,"8,802",521,98,24,"5,919.10","1,113.40",272.7
44708,"25,541","1,941",315,85,"7,599.50","1,233.30",332.8
44709,"19,217","1,480",249,55,"7,701.50","1,295.70",286.2
44710,"9,557",560,72,21,"5,859.60",753.4,219.7
44714,"8,442",583,83,20,"6,905.90",983.2,236.9
44718,"11,895","1,084",164,33,"9,113.10","1,378.70",277.4
44720,"38,080","3,209",484,140,"8,427.00","1,271.00",367.6
44721,"14,149","1,078",189,48,"7,618.90","1,335.80",339.2
44730,"5,847",407,59,18,"6,960.80","1,009.10",307.9
44802,951,69,N/A,N/A,"7,255.50",N/A,N/A
44804,940,75,7,N/A,"7,978.70",744.7,N/A
44805,"32,833","2,466",259,61,"7,510.70",788.8,185.8
44807,"2,120",151,22,N/A,"7,122.60","1,037.70",N/A
44809,321,22,6,N/A,"6,853.60","1,869.20",N/A
44811,"12,667","1,024",87,24,"8,084.00",686.8,189.5
44813,"9,312",606,76,15,"6,507.70",816.2,161.1
44814,"2,876",221,46,9,"7,684.30","1,599.40",312.9
44815,630,38,N/A,N/A,"6,031.70",N/A,N/A
44816,16,N/A,N/A,N/A,N/A,N/A,N/A
44817,"1,506",104,15,6,"6,905.70",996,398.4
44818,"2,394",169,16,N/A,"7,059.30",668.3,N/A
44820,"17,522","1,414",142,49,"8,069.90",810.4,279.6
44822,"2,749",213,27,6,"7,748.30",982.2,218.3
44824,"3,944",359,41,7,"9,102.40","1,039.60",177.5
44825,102,5,N/A,N/A,"4,902.00",N/A,N/A
44826,"1,803",122,10,N/A,"6,766.50",554.6,N/A
44827,"6,980",521,61,15,"7,464.20",873.9,214.9
44828,73,N/A,N/A,N/A,N/A,N/A,N/A
44830,"18,690","1,366",148,37,"7,308.70",791.9,198
44833,"16,558","1,410",135,33,"8,515.50",815.3,199.3
44836,"2,330",191,20,10,"8,197.40",858.4,429.2
44837,"4,408",214,40,10,"4,854.80",907.4,226.9
44838,261,23,N/A,N/A,"8,812.30",N/A,N/A
44839,"12,264","1,201",105,24,"9,792.90",856.2,195.7
44840,"2,594",168,27,N/A,"6,476.50","1,040.90",N/A
44841,619,61,6,N/A,"9,854.60",969.3,N/A
44842,"5,392",410,51,13,"7,603.90",945.8,241.1
44843,"2,126",174,34,11,"8,184.40","1,599.20",517.4
44844,492,57,8,N/A,"11,585.40","1,626.00",N/A
44846,"3,486",354,27,N/A,"10,154.90",774.5,N/A
44847,"3,344",275,36,10,"8,223.70","1,076.60",299
44849,"2,522",198,20,8,"7,850.90",793,317.2
44850,43,N/A,N/A,N/A,N/A,N/A,N/A
44851,"4,679",289,75,26,"6,176.50","1,602.90",555.7
44853,"1,372",123,17,N/A,"8,965.00","1,239.10",N/A
44854,"1,708",152,26,N/A,"8,899.30","1,522.20",N/A
44855,"1,337",85,12,N/A,"6,357.50",897.5,N/A
44856,263,N/A,N/A,N/A,N/A,N/A,N/A
44857,"23,394","1,753",196,56,"7,493.40",837.8,239.4
44859,"2,158",114,23,11,"5,282.70","1,065.80",509.7
44861,65,N/A,N/A,N/A,N/A,N/A,N/A
44864,"3,718",184,18,5,"4,948.90",484.1,134.5
44865,"3,208",217,30,15,"6,764.30",935.2,467.6
44866,"1,994",78,9,N/A,"3,911.70",451.4,N/A
44867,"2,557",163,21,7,"6,374.70",821.3,273.8
44870,"39,597","3,528",382,92,"8,909.80",964.7,232.3
44874,331,10,N/A,N/A,"3,021.10",N/A,N/A
44875,"13,437","1,088",153,48,"8,097.00","1,138.60",357.2
44878,"3,118",164,18,6,"5,259.80",577.3,192.4
44880,"2,844",125,15,N/A,"4,395.20",527.4,N/A
44882,"2,849",225,20,7,"7,897.50",702,245.7
44883,"28,183","2,556",244,63,"9,069.30",865.8,223.5
44887,836,55,8,N/A,"6,578.90",956.9,N/A
44889,"7,071",368,53,17,"5,204.40",749.5,240.4
44890,"11,245",916,96,26,"8,145.80",853.7,231.2
44901,"2,627",133,16,8,"5,062.80",609.1,304.5
44902,"4,850",250,42,16,"5,154.60",866,329.9
44903,"23,604","2,281",281,76,"9,663.60","1,190.50",322
44904,"13,542","1,321",194,50,"9,754.80","1,432.60",369.2
44905,"13,719",971,101,31,"7,077.80",736.2,226
44906,"16,849","1,386",171,39,"8,226.00","1,014.90",231.5
44907,"14,885","1,163",142,33,"7,813.20",954,221.7
45001,759,70,6,N/A,"9,222.70",790.5,N/A
45002,"13,865","1,391",210,56,"10,032.50","1,514.60",403.9
45003,552,45,6,N/A,"8,152.20","1,087.00",N/A
45005,"31,371","3,238",378,108,"10,321.60","1,204.90",344.3
45011,"71,451","5,891",875,278,"8,244.80","1,224.60",389.1
45013,"53,933","4,561",578,182,"8,456.80","1,071.70",337.5
45014,"43,848","4,303",638,205,"9,813.40","1,455.00",467.5
45015,"11,714",889,106,37,"7,589.20",904.9,315.9
45030,"19,125","2,195",319,92,"11,477.10","1,668.00",481
45032,364,22,6,N/A,"6,044.00","1,648.40",N/A
45033,249,12,N/A,N/A,"4,819.30",N/A,N/A
45034,"1,273",111,23,7,"8,719.60","1,806.80",549.9
45036,"38,221","3,574",457,127,"9,350.90","1,195.70",332.3
45039,"25,142","2,340",343,95,"9,307.10","1,364.30",377.9
45040,"54,507","4,760",732,248,"8,732.80","1,342.90",455
45041,87,N/A,N/A,N/A,N/A,N/A,N/A
45042,"26,638","2,321",278,94,"8,713.10","1,043.60",352.9
45044,"54,680","4,682",710,210,"8,562.50","1,298.50",384.1
45050,"8,773","1,001",166,63,"11,410.00","1,892.20",718.1
45051,174,25,N/A,N/A,"14,367.80",N/A,N/A
45052,"3,667",376,33,8,"10,253.60",899.9,218.2
45054,"2,926",167,28,13,"5,707.50",956.9,444.3
45056,"27,957","2,913",236,60,"10,419.60",844.2,214.6
45062,686,49,N/A,N/A,"7,142.90",N/A,N/A
45064,"3,060",275,37,12,"8,986.90","1,209.20",392.2
45065,"4,765",537,98,37,"11,269.70","2,056.70",776.5
45066,"24,836","2,499",283,96,"10,062.00","1,139.50",386.5
45067,"14,970","1,339",204,37,"8,944.60","1,362.70",247.2
45068,"11,402","1,025",134,33,"8,989.70","1,175.20",289.4
45069,"51,117","4,267",755,262,"8,347.50","1,477.00",512.5
45070,185,13,N/A,N/A,"7,027.00",N/A,N/A
45101,"2,287",169,32,13,"7,389.60","1,399.20",568.4
45102,"22,397","1,977",321,98,"8,827.10","1,433.20",437.6
45103,"32,525","2,858",488,122,"8,787.10","1,500.40",375.1
45106,"12,382",956,171,49,"7,720.90","1,381.00",395.7
45107,"9,909",859,136,63,"8,668.90","1,372.50",635.8
45111,324,24,10,N/A,"7,407.40","3,086.40",N/A
45112,84,N/A,N/A,N/A,N/A,N/A,N/A
45113,"3,610",335,40,10,"9,279.80","1,108.00",277
45115,143,N/A,N/A,N/A,N/A,N/A,N/A
45118,"3,579",331,75,37,"9,248.40","2,095.60","1,033.80"
45120,"2,750",273,73,18,"9,927.30","2,654.50",654.5
45121,"9,245",822,131,57,"8,891.30","1,417.00",616.5
45122,"10,511",878,138,35,"8,353.20","1,312.90",333
45123,"8,736",624,113,33,"7,142.90","1,293.50",377.7
45130,"4,028",250,41,17,"6,206.60","1,017.90",422
45131,227,14,N/A,N/A,"6,167.40",N/A,N/A
45132,398,10,N/A,N/A,"2,512.60",N/A,N/A
45133,"23,764","1,832",326,104,"7,709.10","1,371.80",437.6
45135,"4,705",311,58,22,"6,610.00","1,232.70",467.6
45140,"56,933","4,770",808,257,"8,378.30","1,419.20",451.4
45142,"3,696",344,55,21,"9,307.40","1,488.10",568.2
45144,"4,400",290,52,28,"6,590.90","1,181.80",636.4
45145,19,N/A,N/A,N/A,N/A,N/A,N/A
45146,"1,458",84,19,7,"5,761.30","1,303.20",480.1
45147,191,17,N/A,N/A,"8,900.50",N/A,N/A
45148,"1,467",140,22,N/A,"9,543.30","1,499.70",N/A
45150,"32,618","3,109",460,116,"9,531.50","1,410.30",355.6
45152,"11,656","1,097",186,53,"9,411.50","1,595.70",454.7
45153,"1,804",129,31,9,"7,150.80","1,718.40",498.9
45154,"8,994",731,145,43,"8,127.60","1,612.20",478.1
45155,371,12,5,N/A,"3,234.50","1,347.70",N/A
45156,73,N/A,N/A,N/A,N/A,N/A,N/A
45157,"10,315",717,120,35,"6,951.00","1,163.40",339.3
45158,373,15,N/A,N/A,"4,021.40",N/A,N/A
45159,"3,773",233,51,19,"6,175.50","1,351.70",503.6
45160,865,55,9,5,"6,358.40","1,040.50",578
45162,"2,666",240,32,12,"9,002.30","1,200.30",450.1
45164,241,10,N/A,N/A,"4,149.40",N/A,N/A
45166,69,N/A,N/A,N/A,N/A,N/A,N/A
45167,"3,700",268,84,33,"7,243.20","2,270.30",891.9
45168,"1,667",111,15,N/A,"6,658.70",899.8,N/A
45169,"4,513",408,44,13,"9,040.50",975,288.1
45171,"5,771",466,99,35,"8,074.90","1,715.50",606.5
45172,191,7,N/A,N/A,"3,664.90",N/A,N/A
45174,"2,350",155,41,12,"6,595.70","1,744.70",510.6
45176,"9,434",681,135,48,"7,218.60","1,431.00",508.8
45177,"22,385","1,576",278,119,"7,040.40","1,241.90",531.6
45202,"14,105","1,569",255,66,"11,123.70","1,807.90",467.9
45203,"2,429",151,43,27,"6,216.60","1,770.30","1,111.60"
45204,"5,773",327,77,22,"5,664.30","1,333.80",381.1
45205,"18,533","1,263",188,66,"6,814.90","1,014.40",356.1
45206,"10,825",761,133,43,"7,030.00","1,228.60",397.2
45207,"7,133",513,75,34,"7,191.90","1,051.50",476.7
45208,"18,503","1,382",228,80,"7,469.10","1,232.20",432.4
45209,"11,082","1,012",138,40,"9,131.90","1,245.30",360.9
45211,"37,201","3,184",450,146,"8,558.90","1,209.60",392.5
45212,"22,529","1,536",292,84,"6,817.90","1,296.10",372.9
45213,"12,574",863,183,77,"6,863.40","1,455.40",612.4
45214,"7,791",502,98,45,"6,443.30","1,257.90",577.6
45215,"30,814","2,410",373,115,"7,821.10","1,210.50",373.2
45216,"8,925",648,97,15,"7,260.50","1,086.80",168.1
45217,"7,232",535,87,32,"7,397.70","1,203.00",442.5
45218,"3,915",306,52,15,"7,816.10","1,328.20",383.1
45219,"18,029","1,397",130,47,"7,748.60",721.1,260.7
45220,"13,838",886,110,39,"6,402.70",794.9,281.8
45223,"11,982",797,140,45,"6,651.60","1,168.40",375.6
45224,"21,402","1,595",288,83,"7,452.60","1,345.70",387.8
45225,"9,418",465,68,25,"4,937.40",722,265.4
45226,"5,346",426,69,19,"7,968.60","1,290.70",355.4
45227,"18,391","1,441",222,70,"7,835.40","1,207.10",380.6
45229,"13,090",833,144,51,"6,363.60","1,100.10",389.6
45230,"27,778","2,088",377,104,"7,516.70","1,357.20",374.4
45231,"40,071","3,901",536,171,"9,735.20","1,337.60",426.7
45232,"6,849",391,66,22,"5,708.90",963.6,321.2
45233,"16,025","1,837",250,70,"11,463.30","1,560.10",436.8
45236,"24,486","1,906",381,160,"7,784.00","1,556.00",653.4
45237,"20,193","1,557",268,86,"7,710.60","1,327.20",425.9
45238,"45,614","4,398",616,187,"9,641.80","1,350.50",410
45239,"29,809","2,675",379,100,"8,973.80","1,271.40",335.5
45240,"27,161","2,822",413,134,"10,389.90","1,520.60",493.4
45241,"24,366","1,943",319,102,"7,974.20","1,309.20",418.6
45242,"22,625","1,726",317,123,"7,628.70","1,401.10",543.6
45243,"15,075","1,150",282,111,"7,628.50","1,870.60",736.3
45244,"28,602","2,415",472,93,"8,443.50","1,650.20",325.2
45245,"20,800","1,835",246,72,"8,822.10","1,182.70",346.2
45246,"14,206","1,241",178,59,"8,735.70","1,253.00",415.3
45247,"22,544","2,280",300,93,"10,113.60","1,330.70",412.5
45248,"25,324","2,492",349,93,"9,840.50","1,378.10",367.2
45249,"13,156",916,151,39,"6,962.60","1,147.80",296.4
45251,"22,502","1,996",310,92,"8,870.30","1,377.70",408.9
45252,"4,336",421,72,24,"9,709.40","1,660.50",553.5
45255,"21,767","1,671",331,84,"7,676.80","1,520.70",385.9
45301,130,13,N/A,N/A,"10,000.00",N/A,N/A
45302,"4,172",393,38,8,"9,419.90",910.8,191.8
45303,"2,724",230,28,5,"8,443.50","1,027.90",183.6
45304,"7,084",640,62,22,"9,034.40",875.2,310.6
45305,"11,161",941,174,39,"8,431.10","1,559.00",349.4
45306,"2,370",189,14,N/A,"7,974.70",590.7,N/A
45307,330,14,N/A,N/A,"4,242.40",N/A,N/A
45308,"4,139",346,33,13,"8,359.50",797.3,314.1
45309,"12,439",977,74,20,"7,854.30",594.9,160.8
45310,270,28,N/A,N/A,"10,370.40",N/A,N/A
45311,"6,197",470,53,19,"7,584.30",855.3,306.6
45312,"1,277",100,9,N/A,"7,830.90",704.8,N/A
45314,"6,010",496,123,57,"8,252.90","2,046.60",948.4
45315,"4,066",470,29,6,"11,559.30",713.2,147.6
45316,108,N/A,N/A,N/A,N/A,N/A,N/A
45317,"1,226",70,5,N/A,"5,709.60",407.8,N/A
45318,"5,638",451,41,15,"7,999.30",727.2,266.1
45319,378,26,N/A,N/A,"6,878.30",N/A,N/A
45320,"14,982","1,324",145,37,"8,837.30",967.8,247
45321,851,78,5,N/A,"9,165.70",587.5,N/A
45322,"21,282","1,953",190,62,"9,176.80",892.8,291.3
45323,"4,973",442,78,28,"8,888.00","1,568.50",563
45324,"41,029","3,243",423,107,"7,904.20","1,031.00",260.8
45325,"2,266",230,31,6,"10,150.00","1,368.00",264.8
45326,"1,066",75,7,N/A,"7,035.60",656.7,N/A
45327,"9,356",959,105,32,"10,250.10","1,122.30",342
45328,564,42,6,N/A,"7,446.80","1,063.80",N/A
45330,846,94,10,N/A,"11,111.10","1,182.00",N/A
45331,"22,041","2,304",208,50,"10,453.20",943.7,226.8
45332,825,53,8,N/A,"6,424.20",969.7,N/A
45333,"1,368",116,10,N/A,"8,479.50",731,N/A
45334,"2,117",182,17,8,"8,597.10",803,377.9
45335,"6,781",536,81,35,"7,904.40","1,194.50",516.1
45336,161,13,N/A,N/A,"8,074.50",N/A,N/A
45337,"1,918",107,12,N/A,"5,578.70",625.7,N/A
45338,"5,009",353,27,6,"7,047.30",539,119.8
45339,"1,385",101,18,N/A,"7,292.40","1,299.60",N/A
45340,688,50,N/A,N/A,"7,267.40",N/A,N/A
45341,"3,857",295,32,8,"7,648.40",829.7,207.4
45342,"36,659","3,497",373,112,"9,539.30","1,017.50",305.5
45344,"16,104","1,380",176,48,"8,569.30","1,092.90",298.1
45345,"6,458",549,52,17,"8,501.10",805.2,263.2
45346,"1,938",171,19,N/A,"8,823.50",980.4,N/A
45347,"4,479",390,38,14,"8,707.30",848.4,312.6
45348,"1,026",90,5,N/A,"8,771.90",487.3,N/A
45349,380,17,N/A,N/A,"4,473.70",N/A,N/A
45350,106,18,N/A,N/A,"16,981.10",N/A,N/A
45351,212,19,N/A,N/A,"8,962.30",N/A,N/A
45352,242,19,N/A,N/A,"7,851.20",N/A,N/A
45353,142,7,N/A,N/A,"4,929.60",N/A,N/A
45354,456,32,N/A,N/A,"7,017.50",N/A,N/A
45356,"25,209","2,209",267,60,"8,762.70","1,059.10",238
45358,348,28,N/A,N/A,"8,046.00",N/A,N/A
45359,"1,938",202,17,5,"10,423.10",877.2,258
45360,453,20,N/A,N/A,"4,415.00",N/A,N/A
45361,328,7,N/A,N/A,"2,134.10",N/A,N/A
45362,"1,141",82,10,N/A,"7,186.70",876.4,N/A
45363,"1,698",183,10,N/A,"10,777.40",588.9,N/A
45365,"30,232","2,694",220,50,"8,911.10",727.7,165.4
45368,"4,907",361,49,12,"7,356.80",998.6,244.5
45369,"3,492",314,41,8,"8,992.00","1,174.10",229.1
45370,"2,479",161,18,8,"6,494.60",726.1,322.7
45371,"19,867","2,296",241,68,"11,556.90","1,213.10",342.3
45372,319,22,N/A,N/A,"6,896.60",N/A,N/A
45373,"35,989","3,620",402,102,"10,058.60","1,117.00",283.4
45377,"15,280","1,413",154,34,"9,247.40","1,007.90",222.5
45378,362,28,N/A,N/A,"7,734.80",N/A,N/A
45380,"5,385",536,52,17,"9,953.60",965.6,315.7
45381,"5,430",422,43,15,"7,771.60",791.9,276.2
45382,"1,287",90,12,N/A,"6,993.00",932.4,N/A
45383,"6,912",542,70,18,"7,841.40","1,012.70",260.4
45384,"2,053",70,N/A,N/A,"3,409.60",N/A,N/A
45385,"38,635","3,174",432,141,"8,215.30","1,118.20",365
45387,"5,456",245,32,10,"4,490.50",586.5,183.3
45388,853,61,6,N/A,"7,151.20",703.4,N/A
45389,478,27,N/A,N/A,"5,648.50",N/A,N/A
45390,"3,288",305,16,N/A,"9,276.20",486.6,N/A
45402,"10,053",840,112,28,"8,355.70","1,114.10",278.5
45403,"14,159",877,93,23,"6,193.90",656.8,162.4
45404,"10,809",767,79,12,"7,095.90",730.9,111
45405,"16,845","1,241",109,37,"7,367.20",647.1,219.6
45406,"19,432","1,591",205,48,"8,187.50","1,055.00",247
45409,"15,593","1,067",88,36,"6,842.80",564.4,230.9
45410,"16,079",995,127,35,"6,188.20",789.9,217.7
45414,"20,403","1,689",197,52,"8,278.20",965.5,254.9
45415,"13,519","1,188",118,27,"8,787.60",872.8,199.7
45416,"6,139",582,57,11,"9,480.40",928.5,179.2
45417,"29,332","2,194",216,71,"7,479.90",736.4,242.1
45418,"1,871",N/A,N/A,N/A,N/A,N/A,N/A
45419,"15,097","1,222",158,47,"8,094.30","1,046.60",311.3
45420,"25,145","1,928",264,82,"7,667.50","1,049.90",326.1
45424,"50,804","4,416",507,159,"8,692.20",998,313
45426,"15,730","1,357",117,32,"8,626.80",743.8,203.4
45428,335,46,N/A,N/A,"13,731.30",N/A,N/A
45429,"25,740","1,908",242,61,"7,412.60",940.2,237
45430,"7,289",659,88,37,"9,041.00","1,207.30",507.6
45431,"28,084","1,889",267,77,"6,726.20",950.7,274.2
45432,"14,818","1,277",159,45,"8,617.90","1,073.00",303.7
45433,"2,734",129,23,6,"4,718.40",841.3,219.5
45434,"12,256","1,063",171,65,"8,673.30","1,395.20",530.4
45439,"10,185","1,066",139,28,"10,466.40","1,364.80",274.9
45440,"20,633","1,888",237,81,"9,150.40","1,148.60",392.6
45449,"17,914","1,824",201,63,"10,182.00","1,122.00",351.7
45458,"32,068","2,968",367,98,"9,255.30","1,144.40",305.6
45459,"26,979","2,427",297,67,"8,995.90","1,100.90",248.3
45502,"15,779","1,429",160,32,"9,056.30","1,014.00",202.8
45503,"32,363","3,074",303,75,"9,498.50",936.3,231.7
45504,"17,639","1,427",133,25,"8,090.00",754,141.7
45505,"19,919","1,540",167,44,"7,731.30",838.4,220.9
45506,"13,868","1,115",147,37,"8,040.10","1,060.00",266.8
45601,"56,753","4,482",506,115,"7,897.40",891.6,202.6
45612,"4,793",295,41,11,"6,154.80",855.4,229.5
45613,"2,734",248,26,8,"9,071.00",951,292.6
45614,"4,825",429,35,8,"8,891.20",725.4,165.8
45616,"1,461",71,14,N/A,"4,859.70",958.2,N/A
45617,279,N/A,N/A,N/A,N/A,N/A,N/A
45618,13,N/A,N/A,N/A,N/A,N/A,N/A
45619,"7,585",580,90,20,"7,646.70","1,186.60",263.7
45620,955,47,10,N/A,"4,921.50","1,047.10",N/A
45621,309,24,N/A,N/A,"7,767.00",N/A,N/A
45622,138,18,N/A,N/A,"13,043.50",N/A,N/A
45623,"3,075",247,35,11,"8,032.50","1,138.20",357.7
45628,"5,082",395,56,12,"7,772.50","1,101.90",236.1
45629,"2,855",285,40,6,"9,982.50","1,401.10",210.2
45630,80,N/A,N/A,N/A,N/A,N/A,N/A
45631,"14,630","1,035",150,53,"7,074.50","1,025.30",362.3
45634,"1,926",151,17,N/A,"7,840.10",882.7,N/A
45636,120,N/A,N/A,N/A,N/A,N/A,N/A
45638,"21,715","1,935",270,64,"8,910.90","1,243.40",294.7
45640,"16,079","1,479",130,38,"9,198.30",808.5,236.3
45644,"4,679",302,45,13,"6,454.40",961.7,277.8
45645,"2,357",234,33,16,"9,927.90","1,400.10",678.8
45646,499,16,5,N/A,"3,206.40","1,002.00",N/A
45647,"2,579",158,19,N/A,"6,126.40",736.7,N/A
45648,"12,886",945,98,37,"7,333.50",760.5,287.1
45650,460,24,5,N/A,"5,217.40","1,087.00",N/A
45651,"6,019",328,44,13,"5,449.40",731,216
45652,"4,120",225,13,5,"5,461.20",315.5,121.4
45653,"3,782",312,31,10,"8,249.60",819.7,264.4
45654,"1,177",51,9,N/A,"4,333.10",764.7,N/A
45656,"6,364",467,46,10,"7,338.20",722.8,157.1
45657,"1,925",149,27,6,"7,740.30","1,402.60",311.7
45658,"2,989",148,11,N/A,"4,951.50",368,N/A
45659,"2,574",217,38,18,"8,430.50","1,476.30",699.3
45660,"7,246",520,96,26,"7,176.40","1,324.90",358.8
45661,"6,956",652,154,44,"9,373.20","2,213.90",632.5
45662,"30,289","2,045",195,48,"6,751.60",643.8,158.5
45663,"6,162",423,34,7,"6,864.70",551.8,113.6
45669,"10,040",808,139,38,"8,047.80","1,384.50",378.5
45671,274,40,N/A,N/A,"14,598.50",N/A,N/A
45672,"1,527",127,12,N/A,"8,317.00",785.9,N/A
45673,367,41,7,N/A,"11,171.70","1,907.40",N/A
45674,651,55,6,N/A,"8,448.50",921.7,N/A
45678,"1,086",77,13,5,"7,090.20","1,197.10",460.4
45679,"2,830",246,43,10,"8,692.60","1,519.40",353.4
45680,"12,977","1,016",169,36,"7,829.20","1,302.30",277.4
45681,"1,670",94,18,N/A,"5,628.70","1,077.80",N/A
45682,"2,090",126,13,N/A,"6,028.70",622,N/A
45684,"2,093",114,11,N/A,"5,446.70",525.6,N/A
45685,"1,120",95,7,N/A,"8,482.10",625,N/A
45686,"3,699",175,23,11,"4,731.00",621.8,297.4
45688,608,32,N/A,N/A,"5,263.20",N/A,N/A
45690,"15,599",998,180,42,"6,397.80","1,153.90",269.2
45692,"8,731",696,91,30,"7,971.60","1,042.30",343.6
45693,"8,691",722,129,36,"8,307.40","1,484.30",414.2
45694,"11,618",980,115,33,"8,435.20",989.8,284
45695,657,43,7,N/A,"6,544.90","1,065.40",N/A
45696,"1,595",75,17,6,"4,702.20","1,065.80",376.2
45697,"4,759",355,72,18,"7,459.60","1,512.90",378.2
45698,305,8,N/A,N/A,"2,623.00",N/A,N/A
45701,"35,704","2,483",457,183,"6,954.40","1,280.00",512.5
45710,"5,222",322,52,11,"6,166.20",995.8,210.6
45711,"1,232",43,8,N/A,"3,490.30",649.4,N/A
45714,"9,388",680,152,43,"7,243.30","1,619.10",458
45715,"2,440",196,24,5,"8,032.80",983.6,204.9
45716,474,52,6,N/A,"10,970.50","1,265.80",N/A
45719,"1,019",45,12,5,"4,416.10","1,177.60",490.7
45721,34,N/A,N/A,N/A,N/A,N/A,N/A
45723,"3,481",191,35,10,"5,486.90","1,005.50",287.3
45724,"2,113",95,21,5,"4,496.00",993.8,236.6
45727,401,21,N/A,N/A,"5,236.90",N/A,N/A
45729,"1,351",100,9,N/A,"7,401.90",666.2,N/A
45732,"4,438",324,33,10,"7,300.60",743.6,225.3
45734,466,25,N/A,N/A,"5,364.80",N/A,N/A
45735,"1,562",84,18,6,"5,377.70","1,152.40",384.1
45740,383,26,N/A,N/A,"6,788.50",N/A,N/A
45741,662,43,6,N/A,"6,495.50",906.3,N/A
45742,"2,840",189,29,6,"6,654.90","1,021.10",211.3
45743,"1,864",68,8,N/A,"3,648.10",429.2,N/A
45744,"2,747",172,29,7,"6,261.40","1,055.70",254.8
45745,"1,618",83,7,N/A,"5,129.80",432.6,N/A
45746,415,25,5,N/A,"6,024.10","1,204.80",N/A
45750,"26,906","2,037",324,101,"7,570.80","1,204.20",375.4
45760,"3,823",232,32,12,"6,068.50",837,313.9
45761,"1,843",74,18,6,"4,015.20",976.7,325.6
45764,"9,418",532,68,13,"5,648.80",722,138
45766,"1,000",73,15,N/A,"7,300.00","1,500.00",N/A
45767,"2,489",126,16,6,"5,062.30",642.8,241.1
45768,"1,449",80,13,N/A,"5,521.00",897.2,N/A
45769,"7,058",332,88,39,"4,703.90","1,246.80",552.6
45770,596,13,N/A,N/A,"2,181.20",N/A,N/A
45771,"3,433",177,50,19,"5,155.80","1,456.50",553.5
45772,"1,623",78,17,N/A,"4,805.90","1,047.40",N/A
45773,70,N/A,N/A,N/A,N/A,N/A,N/A
45775,"1,159",85,10,N/A,"7,333.90",862.8,N/A
45776,786,34,7,N/A,"4,325.70",890.6,N/A
45778,821,43,9,N/A,"5,237.50","1,096.20",N/A
45779,753,47,10,6,"6,241.70","1,328.00",796.8
45780,"3,176",267,46,23,"8,406.80","1,448.40",724.2
45782,492,20,N/A,N/A,"4,065.00",N/A,N/A
45784,"3,402",191,25,5,"5,614.30",734.9,147
45786,"3,617",232,40,5,"6,414.20","1,105.90",138.2
45787,63,N/A,N/A,N/A,N/A,N/A,N/A
45788,"1,298",83,13,5,"6,394.50","1,001.50",385.2
45789,150,16,8,5,"10,666.70","5,333.30","3,333.30"
45801,"22,688","2,148",207,49,"9,467.60",912.4,216
45804,"15,665","1,357",136,37,"8,662.60",868.2,236.2
45805,"23,285","2,399",265,54,"10,302.80","1,138.10",231.9
45806,"10,608","1,101",102,22,"10,379.00",961.5,207.4
45807,"12,407","1,261",133,26,"10,163.60","1,072.00",209.6
45808,363,13,N/A,N/A,"3,581.30",N/A,N/A
45809,163,11,N/A,N/A,"6,748.50",N/A,N/A
45810,"8,230",632,96,33,"7,679.20","1,166.50",401
45812,"1,973",171,19,8,"8,667.00",963,405.5
45813,"3,616",292,40,9,"8,075.20","1,106.20",248.9
45814,"3,212",247,13,5,"7,689.90",404.7,155.7
45816,330,17,7,N/A,"5,151.50","2,121.20",N/A
45817,"6,892",557,39,13,"8,081.80",565.9,188.6
45819,265,13,N/A,N/A,"4,905.70",N/A,N/A
45820,488,47,N/A,N/A,"9,631.10",N/A,N/A
45821,"1,186",105,9,N/A,"8,853.30",758.9,N/A
45822,"18,714","2,128",150,43,"11,371.20",801.5,229.8
45826,484,29,N/A,N/A,"5,991.70",N/A,N/A
45827,"2,050",227,21,5,"11,073.20","1,024.40",243.9
45828,"6,248",744,51,16,"11,907.80",816.3,256.1
45830,"5,796",554,61,11,"9,558.30","1,052.40",189.8
45831,"3,269",309,29,N/A,"9,452.40",887.1,N/A
45832,"2,923",216,28,12,"7,389.70",957.9,410.5
45833,"10,605","1,203",83,20,"11,343.70",782.6,188.6
45835,519,30,11,N/A,"5,780.30","2,119.50",N/A
45836,"1,344",110,14,5,"8,184.50","1,041.70",372
45838,66,N/A,N/A,N/A,N/A,N/A,N/A
45840,"55,820","4,317",385,129,"7,733.80",689.7,231.1
45841,818,82,8,N/A,"10,024.40",978,N/A
45843,"4,117",242,28,12,"5,878.10",680.1,291.5
45844,"3,172",350,24,11,"11,034.00",756.6,346.8
45845,"2,871",258,16,N/A,"8,986.40",557.3,N/A
45846,"4,297",434,10,N/A,"10,100.10",232.7,N/A
45849,"1,084",98,8,N/A,"9,040.60",738,N/A
45850,"3,419",332,36,8,"9,710.40","1,052.90",234
45851,746,43,N/A,N/A,"5,764.10",N/A,N/A
45853,"1,264",257,35,N/A,"20,332.30","2,769.00",N/A
45854,459,43,11,N/A,"9,368.20","2,396.50",N/A
45855,154,20,N/A,N/A,"12,987.00",N/A,N/A
45856,"5,211",534,25,8,"10,247.60",479.8,153.5
45858,"2,880",215,13,N/A,"7,465.30",451.4,N/A
45859,508,28,5,N/A,"5,511.80",984.3,N/A
45860,"2,314",231,7,N/A,"9,982.70",302.5,N/A
45861,207,6,N/A,N/A,"2,898.60",N/A,N/A
45862,"1,524",104,12,N/A,"6,824.10",787.4,N/A
45863,"1,279",95,N/A,N/A,"7,427.70",N/A,N/A
45864,168,13,N/A,N/A,"7,738.10",N/A,N/A
45865,"4,905",538,19,7,"10,968.40",387.4,142.7
45866,142,19,N/A,N/A,"13,380.30",N/A,N/A
45867,"1,113",71,6,N/A,"6,379.20",539.1,N/A
45868,650,47,N/A,N/A,"7,230.80",N/A,N/A
45869,"4,811",455,28,8,"9,457.50",582,166.3
45870,246,8,N/A,N/A,"3,252.00",N/A,N/A
45871,"2,008",178,26,N/A,"8,864.50","1,294.80",N/A
45872,"4,106",354,28,8,"8,621.50",681.9,194.8
45873,"2,263",140,14,N/A,"6,186.50",618.6,N/A
45874,"2,534",134,8,N/A,"5,288.10",315.7,N/A
45875,"11,403","1,391",87,18,"12,198.50",763,157.9
45876,705,142,N/A,N/A,"20,141.80",N/A,N/A
45877,"2,148",171,12,N/A,"7,960.90",558.7,N/A
45879,"5,805",559,38,13,"9,629.60",654.6,223.9
45880,"2,690",190,20,12,"7,063.20",743.5,446.1
45881,"1,252",94,10,N/A,"7,508.00",798.7,N/A
45882,"2,875",342,30,8,"11,895.70","1,043.50",278.3
45883,"3,877",441,11,N/A,"11,374.80",283.7,N/A
45884,158,7,N/A,N/A,"4,430.40",N/A,N/A
45885,"12,741","1,262",108,50,"9,905.00",847.7,392.4
45886,502,42,7,N/A,"8,366.50","1,394.40",N/A
45887,"4,298",468,55,9,"10,888.80","1,279.70",209.4
45888,188,14,N/A,N/A,"7,446.80",N/A,N/A
45889,"1,634",114,17,N/A,"6,976.70","1,040.40",N/A
45890,488,39,N/A,N/A,"7,991.80",N/A,N/A
45891,"14,905","1,351",163,66,"9,064.10","1,093.60",442.8
45894,635,42,N/A,N/A,"6,614.20",N/A,N/A
45895,"17,930","1,651",156,51,"9,208.00",870.1,284.4
45896,"1,839",192,16,N/A,"10,440.50",870,N/A
45897,36,N/A,N/A,N/A,N/A,N/A,N/A
45898,873,77,5,N/A,"8,820.20",572.7,N/A
45899,110,21,N/A,N/A,"19,090.90",N/A,N/A
Unknown,,"10,255",951,298,,,
